id,hash,email,username,password
2,81620f5ccec6b6ab1364cd17f91a74b2100944487c12b9eb48b1e2307154199a,boh.kobasnik@gmail.fake,Bohumil Klobásník,cajovna-2025-a
3,a46c44824d7700c2e7d2c86e17025be0f28482410f5e770d661b32e30164d503,cyril.nahodovic@seznam.fake,Cyril Náhodovič,cajovna-2025-z
4,1d2719873cff37e405223beefc3a4e13c25e871ea45328b1eee38a4f54f16fd1,jaroslava.krupkova@outlook.fake,Jaroslava Křupková,cajovna-2025-ab
5,69afe5ab59ff69d74d844e63aaa00126784236d6761ebc6ca3b0c8e9ead9d1a2,roza.smodrchova@centrum.fake,Róza Šmodrchová,cajovna-2025-zz
6,de90a8cdb9f93dfe464eaff087e9fc499538cbc75446cc614b032c73602758a9,n.kockodan@gmail.fake,Norbert Kočkodan,cajovna-2025-asd
7,c7b74803d65c28312b589c068b508c6b034b92625ef11e3362944824aabafba7,kvetoslava.bublinkova@seznam.fake,Květoslava Bublinková,cajovna-2025-ahoj
8,6e293357be91f025093b00e9e2d7992b32bb7027b38d4f8e8cd07b2572a784de,krystof.mnauk@outlook.fake,Kryštof Mňauk,cajovna-2025-mnau
9,c77e65d03954a519375563dc0265aff5cbf21339a18fec76960a1396cd4c2a6c,dalibor.prskavec@centrum.fake,Dalibor Prskavec,cajovna-2025-prsk
10,3adc2bf68033e11261c160e0e1245a9e0a58d620aa3a6aa576641a5b94ed91fd,milada.klapzubova@gmail.fake,Milada Klapzubová,cajovna-2025-admin
11,3adc2bf68033e11261c160e0e1245a9e0a58d620aa3a6aa576641a5b94ed91fd,cenek.skvire@seznam.fake,Čeněk Škvíře,cajovna-2025-admin
12,22afa49c2c3b54cfaf76d41c0f2f03e0a158b2a5f167cd7e5beaccae7eeabc53,radoslav.brichaček@outlook.fake,Radoslav Břicháček,cajovna-2025-hunter
13,086f62d6b7473b0520bd7dfe05ebd9aaa85206405671c7a70fa9fccfdb77949d,albina.stekaci@centrum.fake,Albína Štěkací,cajovna-2025-vaculik
14,d5ffe58ce2524439faa3a3b08baca953d1219d95096f0553fbf9bcac7d0453ff,bohuslav.kanar@gmail.fake,Bohuslav Kanár,cajovna-2025-silhan
15,83ac3adcfe9d740ee7daff1eca787cab6b32661523072828d2fb9bc488ae050e,hermina.cmuchalova@seznam.fake,Hermína Čmuchalová,cajovna-2025-vrzal
16,b5e0d9288aed1f56be8907eb20abc31d959e4de25fd72abee355e24846dc374f,premek.psouk@outlook.fake,Přemek Pšouk,cajovna-2025-burdys
17,8ea952ef7897d22e2e60c1cb37f0cfbf58e428bebe27134f22ffa2d69590e565,liza.pidizvikova@centrum.fake,Líza Pidižvíková,cajovna-2025-1337
18,9700312d8b4b197598831807a00d7fee1398ae8e7ea5beabef1adf93fdb144e7,hynek.smodrchal@gmail.fake,Hynek Šmodrchal,cajovna-2025-prosek
19,35f0149cde02f694ca28cd91cd21d899b49d60978999d1afdf63d283c9938b41,otylie.zblunkova@seznam.fake,Otýlie Žbluňková,
20,9005c2ec3bb91632e54bae83f8d0bce503ca9d876c7e6a37969c2dd5300f29e8,gustav.bramburek@outlook.fake,Gustav Brambůrek,cajovna-2025-neco
21,c57b6290de6758e1835875628b813f5f1b7b57d2f5099c12382ea68aee6d68c6,zofie.mackana@centrum.fake,Žofie Mačkaná,cajovna-2025-tu
22,7195cd37287686fea1d2f377fdeee5f0d3654283bf664a38cd7ba50e5cf3a219,hubert.rachanda@gmail.fake,Hubert Řachanda,cajovna-2025-smrdi
23,c600335efb7524a1e8be77e17d777c0681389309c64c41c9465dbe4f33b0183b,demeter.smolik@seznam.fake,Demeter Smolík,cajovna-2025-kluci
24,ab73a8da571083a9e3e7863a549df4e41b386356b33fc4ff271d9bfb4ae22ba3,evelina.lopatkova@outlook.fake,Evelína Lopatková,cajovna-2025-se
25,0eed5e923693634707c8d70c8123924ec5cad7cff464ab182fa3c6a69cfee020,horalda.pstrosi@centrum.fake,Horalda Pštrosí,cajovna-2025-smejou
26,8f7a59bd491a985ba65b5b30d5c7ab82e73cd59c6ed37ff75c650f53e85837e8,samoel.klinkac@gmail.fake,Samoel Klinkáč,cajovna-2025-delaj
27,f02ea9a508a026131ef0ac4880803bd43c77933651f7fb0925266606107aeb70,bohdana.splichalova@seznam.fake,Bohdana Šplíchalová,cajovna-2025-srandy
28,78162aefdfd64862631de675e892e4e49abb3890b210a44b6b6489f3192e77aa,vilibald.hrkút@outlook.fake,Vilibald Hrkút,cajovna-2025-tyvole
29,c91f6f792fc2457aea0d4d936fa26be8b369d04e8391dcd06a13358237613334,margareta.klafounkova@centrum.fake,Margaréta Klafounková,cajovna-2025-von
30,7195cd37287686fea1d2f377fdeee5f0d3654283bf664a38cd7ba50e5cf3a219,pravoslav.bafunar@gmail.fake,Pravoslav Bafunář,cajovna-2025-smrdi
31,e9b09e00ea25611357ec91aec6c63d67d611b80d347681f0399a799e27b49a0d,mesicnice.zamlzova@seznam.fake,Měsíčnice Zámlžová,cajovna-2025-sixseven
32,2a982fbc50b6980e358e6a28e2324cb1832258f59462fb07e8353921f69d2d5a,lumir.cvrnda@outlook.fake,Lumír Cvrnda,cajovna-2025-hahaha
33,1d55af3fb1f922151b059f82359e4f60b0a6846dfb4b50bba7b0b0a21963c7d8,klotylda.blafacova@centrum.fake,Klotylda Blafáčová,cajovna-2025-mega
34,3c7b7ff05bd9fdc02cc47a469782d3ffbb2d5d32dc767a92efdd88e7360aa437,cestislav.sprincl@gmail.fake,Čestislav Šprincl,cajovna-2025-funny
35,f0480203de58aec6e2fb0827128fdebb88f01f7123d114889c27f5b70237f425,dobromila.kropenata@seznam.fake,Dobromila Kropenatá,
36,0f7c7c064e424f57843c25656249acf70006210bcbee2120db030960279714ae,adolfin.kvedlbaba@outlook.fake,Adolfín Kvedlbába,cajovna-2025-cteje
37,2a982fbc50b6980e358e6a28e2324cb1832258f59462fb07e8353921f69d2d5a,hedvika.zaskuhrla@centrum.fake,Hedvika Zaskuhrlá,cajovna-2025-hahaha
38,7c3ee6210d24c76b5c807d577abec65116305bb2c425d96cdc6df13a9d4b4338,quido.mrvicka@gmail.fake,Quido Mrkvička,
39,3ee6cf0a0a7e041cfdc4101085c780011d351245bf451372d87d6f6ae04d463b,staza.pofnukova@seznam.fake,Stáza Pofňuková,cajovna-2025-super
40,412cd0f542949bbf596416ee127781ed2d58597641283bfcdcd9ccbdbb360e88,tadeas.mumlala@outlook.fake,Tadeáš Mumlal,cajovna-2025-kadit
41,767886b769a8c528c98ad871d01c6022919ab3cfc0a5e844731eb33d0fa47ed1,ruzena.klapacova@centrum.fake,Růžena Klapáčová,
42,ae272789fe245723ba8fdc1d5e6ce33b9323a642ddc0c591476e7d5a69c199cc,cenek.chroustalik@gmail.fake,Čeněk Chroustalík,cajovna-2025-heslo
43,28ad10535a92b6786bdd83e61b26465d9f5623a4319b9c24827449539788e9d7,berta.skrobova@seznam.fake,Berta Škrobová,cajovna-2025-hovnokleslo
44,39e1ae3cc5abc4c4483a9b530f27ff852a82dd5b718bd49651548cc529354d0c,emil.tupol@outlook.fake,Emil Tupol,
45,03a60022e3476ad9ff98a744db7699e5553c099867bb39c2a4593d5fdbeb434f,kunhuta.zmrzlikova@centrum.fake,Kunhuta Zmrzlíková,
46,32c1d4d523aa63aa03c3d99f6af03feb0245feeac79def287f0be5a02a3530c6,evzen.stekan@gmail.fake,Evžen Štěkan,
47,60e509af126e8873ccd4f2a8b3813f09dd100a69a256ea4f998363ab277933af,zanda.drkotova@seznam.fake,Žanda Drkotová,
48,73be671643cac51caa9d9b57df0821b6a7a67aab914fbebe3b264e500182a75f,lubor.hykal@outlook.fake,Lubor Hýkal,
49,76213e7dd86559b2833fb5efc55c0bb02d960f56120cc1a78e294bb6c18f58b0,dorina.placacova@centrum.fake,Dořina Plácačová,
50,53c47ee8975346668140e02efaaff40fbcfcbc853b30d8447e464b52ec76f9dc,ignac.prskan@gmail.fake,Ignác Prskan,
51,83cb8120d8bf5ece78a3c57a17284415d20389f179bc8b2948d843b981dd57aa,mladena.klusakova@seznam.fake,Mladena Klusáková,cajovna-2025-aaaaaaa
52,e355e0290b13e2b7f041c0260dfb523e6676784a7249eaf7520b39d08f1aa2be,kvido.trdla@outlook.fake,Kvido Trdla,
53,6196e3e0c665bf85a791ba6d4ed0ad453b9659ff63a4ab0deed3bec7e60c863a,bozidara.pisklava@centrum.fake,Božidara Písklavá,cajovna-2025-hunter1
54,728da61619ba48b3003a6a3743edf4d4da9be4497f557c83c4763fdabb7b8172,jarolim.kybl@gmail.fake,Jarolím Kýbl,
55,148194bd577d3e51843b3c7ea516115a0b4e1fd9caeb7b9fd186003c857c6965,kundolina.suskava@seznam.fake,Kundolína Šuškavá,
56,b1a21d96357614c89b0739639b47c6d68049ea0e30cd7991aa3f3efac0503ace,mikyas.klafik@outlook.fake,Mikyáš Klafík,
57,ef698a8672d3c4dc199b0defa7a703e0ec9dadefe8950d90798a92d0592fcefc,svetlana.cvachtalova@centrum.fake,Světlana Čvachtalová,
58,dd7db55a8ef28974e9b4170751218efba1aab948eaf2aa179e41393bce2a0795,edvard.hrkalo@gmail.fake,Edvard Hrkalo,
59,1b449b3dcab2a3801719ec42fc4af4cd2016ef44c7eee16c717e5da26c97a91f,sabina.brabcakova@seznam.fake,Sabina Brabčáková,
60,c4ddc6ae09253b0e0e7943d2c9222848363a4a0e9e8b1b88120a0c4bce5a4cd6,milos.tlachal@outlook.fake,Miloš Tlachal,cajovna-2025-camembert
61,47e457671c51efe38d3c6e0b5734dd44c1ffc7db830fbc959405f09e0bdc7027,amanda.hrkutova@centrum.fake,Amanda Hrkútová,cajovna-2025-hermelin
62,636e900b6d134f1f3a59d5c284103eb549a266f6faeba34a69ccffebdea06ba8,oleg.bafak@gmail.fake,Oleg Bafák,
63,f4093342c8ac54f040383762688ff9fb18e54cbbaea688934aaee3f82aa2016b,dorotka.kvikava@seznam.fake,Dorotka Kvíkavá,
64,8a38c9a8ef1fccc6b8da80aa34e01a3eff5b8ef1cca0a43884d302360ac38edf,svatoslav.zdimak@outlook.fake,Svatoslav Ždímák,
65,649dea42b86fe2230d98b1c82e4e4bfcd7992d3f267cea6f39125865fb42151b,malvina.splichaci@centrum.fake,Malvína Šplíchací,
66,673385f8f607692ce4e7789f3bea203d00170fb63edbff51fc956360fcfcca67,radan.koblizek@gmail.fake,Radan Koblížek,
67,eb957f4fa95f19cd4c9fdfd6be4c6e1f4537eec76da125460e79bfdeedd57fe8,sarka.cvrcniva@seznam.fake,Šárka Cvrčnivá,
68,bd920d37bb92f6b09dce32f7b25070f09e24341ae6e2a6df75ca0faf0ccd0676,bohumil.psuk@outlook.fake,Bohumil Pšuk,
69,dc5fa6a1132671e4978ad27bd532eaa91e0501ee954088db23723ebc4ddf1f17,rozina.splouchlova@centrum.fake,Rozina Šplouchlová,
70,f52bc5da3143aaf7fa94406b5f3fdac69f0f9221541f7595aab857f94cf80dea,ctibor.bumbal@gmail.fake,Ctibor Bumbal,
71,4e2955c07cd733d69ed158e7a64e122715d7e83d155e75ede2cc26244fff1ef6,lejla.zblunkava@seznam.fake,Lejla Žbluňkavá,
72,b093e82194abe3379c00f132d1bb5490405aad9b708aab0de94901fc7390ce7d,hugo.skrk@outlook.fake,Hugo Škrk,
73,b00fbfefebd3af3abf506292c5ed614e3296f44b3c7a4abc4ad5301d936c3bc3,kristina.zapotocka@centrum.fake,Kristina Zápotocká,
74,ea628f0d991a0d9625392dcc5f3607b0eb991abdc5ce57c22c1d976067c74bc6,ferdinand.bambus@gmail.fake,Ferdinand Bambus,
75,fce262f465a40e62e8d00bd8c6856bed26f4ca4f7010c834bdc3ee0dedcc77c4,albina.treskolomna@seznam.fake,Albína Třeskolomná,
76,74bb3e598dee2f71439c42b5bceef3324894e15527dcf242d89c4a166cd71f3f,ricard.kvedlan@outlook.fake,Ričard Kvedlan,
77,ce53431ec3ef3a06afe23591420baa3116c3dd988c4f8042882c7275f1ce16a7,hedvika.britvova@centrum.fake,Hedvika Břitvová,
78,f853c6c7f610eca081c0e77d4a4971996896ea1e81fb68d077900f5cc5328d41,ludek.pupen@gmail.fake,Luděk Pupen,
79,5c692075bcec6d82e9de06ad5de16e6848c372625e69d8c620827b395e2c22f7,etela.splouchava@seznam.fake,Etela Šplouchavá,
80,57cf2011d28d607d9ee82ee57b1b7250556ee6147d92f1084728c662046a8d9e,viktor.hnup@outlook.fake,Viktor Hňup,
81,c32f1a595400b517780ed9962cdedd17df48214ab661ee7f95d5ed8c7d121a9c,patricie.krupalova@centrum.fake,Patrície Křupalová,cajovna-2025-cauky
82,515743a3cca907fc34d207567a646815aa69e3d2243e8ee1a291d135cf03f200,martin.botyc@sps-prosek.fake,Martin Botybral,
